{"cameraMode":{"drawMode":0,"name":"Shaded","section":"Shading Mode"},"sceneLighting":true,"audioPlay":false,"sceneViewState":{"showFog":true,"showMaterialUpdate":false,"showSkybox":true,"showFlares":true,"showImageEffects":true,"showParticleSystems":true},"in2DMode":false,"pivot":{"x":23.818994522094728,"y":1.2116403579711915,"z":32.40088653564453},"rotation":{"x":-0.22828425467014314,"y":0.6335675120353699,"z":-0.20351484417915345,"w":-0.7106781005859375},"size":2.7070674896240236,"orthographic":false}