{"cameraMode":{"drawMode":0,"name":"Shaded","section":"Shading Mode"},"sceneLighting":false,"audioPlay":false,"sceneViewState":{"showFog":true,"showMaterialUpdate":false,"showSkybox":false,"showFlares":true,"showImageEffects":true,"showParticleSystems":true},"in2DMode":false,"pivot":{"x":15.779998779296875,"y":1.9501394033432007,"z":2.6460137367248537},"rotation":{"x":-0.329719215631485,"y":-0.09550769627094269,"z":0.03354949876666069,"w":-0.9386365413665772},"size":1.2372972965240479,"orthographic":false}